,,
,,
fonction_phatique,fonction_phatique,fonction_phatique
partage_experience,partage_experience,partage_experience
partage_experience,fonction_phatique,partage_experience
recherche_information,recherche_information,recherche_information
recherche_information,partage_experience,partage_experience
partage_experience,partage_experience,partage_experience
partage_experience,partage_experience,partage_experience
partage_experience,partage_experience,partage_experience
partage_experience,partage_experience,partage_experience
partage_experience,partage_experience,partage_experience
partage_experience,partage_experience,partage_experience
partage_experience,partage_experience,partage_experience
recherche_information,recherche_information,recherche_information
partage_experience,fonction_phatique,partage_experience
fonction_phatique,fonction_phatique,fonction_phatique
fonction_phatique,fonction_phatique,fonction_phatique
fonction_phatique,fonction_phatique,fonction_phatique
fonction_phatique,fonction_phatique,fonction_phatique
partage_experience,partage_experience,partage_experience
partage_experience,partage_experience,partage_experience
partage_experience,partage_experience,partage_experience
fonction_phatique,fonction_phatique,fonction_phatique
fonction_phatique,fonction_phatique,fonction_phatique
partage_experience,partage_experience,partage_experience
partage_experience,partage_experience,partage_experience
partage_experience,partage_experience,partage_experience
partage_experience,partage_experience,partage_experience
partage_experience,fonction_phatique,fonction_phatique
fonction_phatique,fonction_phatique,fonction_phatique
partage_experience,fonction_phatique,partage_experience
partage_experience,partage_experience,partage_experience
partage_experience,partage_experience,partage_experience
partage_experience,partage_experience,partage_experience
partage_experience,partage_experience,partage_experience
partage_experience,partage_experience,partage_experience
partage_experience,fonction_phatique,partage_experience
fonction_phatique,fonction_phatique,fonction_phatique
fonction_phatique,fonction_phatique,fonction_phatique
partage_experience,fonction_phatique,recherche_information
partage_experience,partage_experience,recherche_information
partage_experience,partage_experience,partage_experience
partage_experience,partage_experience,partage_experience
partage_experience,partage_experience,partage_experience
partage_experience,partage_experience,partage_experience
recherche_information,recherche_information,recherche_information
recherche_information,recherche_information,recherche_information
partage_experience,partage_experience,partage_experience
fonction_phatique,fonction_phatique,fonction_phatique
partage_experience,partage_experience,partage_experience
partage_experience,partage_experience,partage_experience
recherche_information,recherche_information,recherche_information
recherche_information,recherche_information,recherche_information
fonction_phatique,fonction_phatique,fonction_phatique
,,
partage_experience,partage_experience,partage_experience
,,
partage_experience,partage_experience,partage_experience
recherche_information,recherche_information,recherche_information
recherche_information,recherche_information,recherche_information
recherche_information,recherche_information,recherche_information
recherche_information,recherche_information,recherche_information
partage_experience,partage_experience,partage_experience
partage_experience,partage_experience,partage_experience
partage_experience,partage_experience,partage_experience
partage_experience,partage_experience,partage_experience
partage_experience,partage_experience,partage_experience
partage_experience,partage_experience,partage_experience
partage_experience,partage_experience,partage_experience
partage_experience,partage_experience,partage_experience
partage_experience,partage_experience,partage_experience
partage_experience,partage_experience,partage_experience
partage_experience,partage_experience,partage_experience
partage_experience,partage_experience,partage_experience
partage_experience,partage_experience,partage_experience
partage_experience,partage_experience,partage_experience
partage_experience,partage_experience,partage_experience
recherche_information,recherche_information,recherche_information
partage_experience,partage_experience,partage_experience
partage_experience,partage_experience,partage_experience
partage_experience,partage_experience,partage_experience
partage_experience,partage_experience,partage_experience
partage_experience,partage_experience,partage_experience
partage_experience,partage_experience,partage_experience
partage_experience,partage_experience,partage_experience
partage_experience,partage_experience,partage_experience
partage_experience,partage_experience,partage_experience
recherche_information,partage_experience,partage_experience
partage_experience,partage_experience,partage_experience
partage_experience,fonction_phatique,partage_experience
partage_experience,partage_experience,partage_experience
partage_experience,partage_experience,partage_experience
partage_experience,partage_experience,partage_experience
partage_experience,partage_experience,partage_experience
partage_experience,partage_experience,partage_experience
partage_experience,partage_experience,partage_experience
partage_experience,partage_experience,partage_experience
fonction_phatique,fonction_phatique,fonction_phatique
partage_experience,partage_experience,partage_experience
partage_experience,partage_experience,partage_experience
partage_experience,partage_experience,partage_experience
partage_experience,partage_experience,partage_experience
partage_experience,partage_experience,partage_experience
recherche_information,recherche_information,recherche_information
fonction_phatique,fonction_phatique,fonction_phatique
partage_experience,partage_experience,partage_experience
partage_experience,partage_experience,partage_experience
partage_experience,partage_experience,partage_experience
partage_experience,partage_experience,partage_experience
partage_experience,partage_experience,partage_experience
partage_experience,partage_experience,partage_experience
partage_experience,partage_experience,partage_experience
recherche_information,recherche_information,recherche_information
recherche_information,recherche_information,recherche_information
fonction_phatique,fonction_phatique,fonction_phatique
partage_experience,partage_experience,partage_experience
fonction_phatique,fonction_phatique,fonction_phatique
partage_experience,partage_experience,partage_experience
partage_experience,partage_experience,partage_experience
recherche_information,partage_experience,recherche_information
partage_experience,partage_experience,partage_experience
partage_experience,fonction_phatique,partage_experience
partage_experience,partage_experience,partage_experience
partage_experience,partage_experience,partage_experience
partage_experience,partage_experience,partage_experience
partage_experience,partage_experience,partage_experience
partage_experience,partage_experience,partage_experience
partage_experience,partage_experience,partage_experience
partage_experience,partage_experience,partage_experience
partage_experience,partage_experience,partage_experience
partage_experience,partage_experience,partage_experience
fonction_phatique,fonction_phatique,fonction_phatique
partage_experience,partage_experience,partage_experience
partage_experience,partage_experience,partage_experience
partage_experience,partage_experience,partage_experience
partage_experience,partage_experience,partage_experience
partage_experience,partage_experience,partage_experience
partage_experience,partage_experience,partage_experience
partage_experience,partage_experience,partage_experience
partage_experience,partage_experience,partage_experience
partage_experience,partage_experience,partage_experience
partage_experience,partage_experience,partage_experience
partage_experience,partage_experience,partage_experience
partage_experience,partage_experience,partage_experience
partage_experience,partage_experience,partage_experience
partage_experience,partage_experience,partage_experience
partage_experience,partage_experience,partage_experience
partage_experience,partage_experience,partage_experience
partage_experience,partage_experience,partage_experience
partage_experience,partage_experience,partage_experience
partage_experience,partage_experience,partage_experience
partage_experience,partage_experience,partage_experience
recherche_information,recherche_information,recherche_information
recherche_information,recherche_information,recherche_information
recherche_information,recherche_information,recherche_information
partage_experience,partage_experience,partage_experience
partage_experience,partage_experience,partage_experience
partage_experience,partage_experience,partage_experience
partage_experience,partage_experience,partage_experience
partage_experience,partage_experience,partage_experience
recherche_information,partage_experience,recherche_information
partage_experience,partage_experience,partage_experience
recherche_information,recherche_information,recherche_information
partage_experience,partage_experience,partage_experience
partage_experience,partage_experience,partage_experience
partage_experience,partage_experience,partage_experience
partage_experience,partage_experience,partage_experience
partage_experience,partage_experience,partage_experience
fonction_phatique,fonction_phatique,fonction_phatique
partage_experience,partage_experience,partage_experience
partage_experience,partage_experience,partage_experience
fonction_phatique,fonction_phatique,fonction_phatique
partage_experience,partage_experience,partage_experience
partage_experience,partage_experience,partage_experience
partage_experience,partage_experience,partage_experience
partage_experience,partage_experience,partage_experience
partage_experience,partage_experience,partage_experience
fonction_phatique,fonction_phatique,fonction_phatique
partage_experience,fonction_phatique,fonction_phatique
recherche_information,recherche_information,recherche_information
partage_experience,partage_experience,partage_experience
partage_experience,partage_experience,partage_experience
partage_experience,partage_experience,partage_experience
recherche_information,recherche_information,recherche_information
partage_experience,partage_experience,partage_experience
fonction_phatique,fonction_phatique,fonction_phatique
fonction_phatique,fonction_phatique,fonction_phatique
fonction_phatique,fonction_phatique,fonction_phatique
partage_experience,partage_experience,partage_experience
partage_experience,partage_experience,partage_experience
partage_experience,partage_experience,partage_experience
partage_experience,partage_experience,partage_experience
partage_experience,partage_experience,partage_experience
partage_experience,partage_experience,partage_experience
partage_experience,partage_experience,partage_experience
recherche_information,recherche_information,recherche_information
recherche_information,partage_experience,recherche_information
partage_experience,partage_experience,partage_experience
fonction_phatique,fonction_phatique,fonction_phatique
partage_experience,partage_experience,partage_experience
fonction_phatique,fonction_phatique,fonction_phatique
partage_experience,partage_experience,partage_experience
partage_experience,partage_experience,partage_experience
partage_experience,partage_experience,partage_experience
partage_experience,partage_experience,partage_experience
partage_experience,partage_experience,partage_experience
partage_experience,partage_experience,partage_experience
partage_experience,partage_experience,partage_experience
partage_experience,partage_experience,partage_experience
partage_experience,partage_experience,partage_experience
partage_experience,partage_experience,partage_experience
partage_experience,partage_experience,partage_experience
partage_experience,partage_experience,partage_experience
fonction_phatique,fonction_phatique,fonction_phatique
fonction_phatique,fonction_phatique,fonction_phatique
fonction_phatique,fonction_phatique,fonction_phatique
partage_experience,partage_experience,partage_experience
fonction_phatique,fonction_phatique,fonction_phatique
partage_experience,partage_experience,partage_experience
partage_experience,partage_experience,partage_experience
partage_experience,partage_experience,partage_experience
partage_experience,partage_experience,partage_experience
partage_experience,partage_experience,partage_experience
fonction_phatique,fonction_phatique,fonction_phatique
partage_experience,partage_experience,partage_experience
partage_experience,partage_experience,partage_experience
partage_experience,partage_experience,partage_experience
partage_experience,partage_experience,partage_experience
partage_experience,partage_experience,partage_experience
partage_experience,partage_experience,partage_experience
partage_experience,partage_experience,partage_experience
partage_experience,partage_experience,partage_experience
recherche_information,recherche_information,recherche_information
partage_experience,partage_experience,partage_experience
fonction_phatique,fonction_phatique,fonction_phatique
partage_experience,partage_experience,partage_experience
fonction_phatique,fonction_phatique,fonction_phatique
partage_experience,partage_experience,partage_experience
partage_experience,partage_experience,partage_experience
partage_experience,partage_experience,partage_experience
fonction_phatique,fonction_phatique,fonction_phatique
partage_experience,partage_experience,partage_experience
partage_experience,partage_experience,partage_experience
partage_experience,partage_experience,partage_experience
partage_experience,partage_experience,partage_experience
partage_experience,partage_experience,partage_experience
partage_experience,partage_experience,partage_experience
partage_experience,partage_experience,partage_experience
partage_experience,partage_experience,partage_experience
partage_experience,partage_experience,partage_experience
partage_experience,partage_experience,partage_experience
partage_experience,partage_experience,partage_experience
recherche_information,recherche_information,recherche_information
partage_experience,partage_experience,partage_experience
partage_experience,partage_experience,partage_experience
partage_experience,partage_experience,partage_experience
partage_experience,partage_experience,partage_experience
partage_experience,partage_experience,partage_experience
partage_experience,partage_experience,partage_experience
partage_experience,partage_experience,partage_experience
partage_experience,partage_experience,partage_experience
partage_experience,partage_experience,partage_experience
partage_experience,partage_experience,partage_experience
partage_experience,partage_experience,partage_experience
fonction_phatique,fonction_phatique,fonction_phatique
partage_experience,partage_experience,partage_experience
partage_experience,partage_experience,partage_experience
partage_experience,partage_experience,partage_experience
partage_experience,partage_experience,partage_experience
partage_experience,partage_experience,partage_experience
partage_experience,partage_experience,partage_experience
partage_experience,partage_experience,partage_experience
partage_experience,partage_experience,partage_experience
partage_experience,partage_experience,partage_experience
recherche_information,recherche_information,recherche_information
partage_experience,partage_experience,partage_experience
recherche_information,recherche_information,recherche_information
partage_experience,partage_experience,partage_experience
partage_experience,partage_experience,partage_experience
partage_experience,partage_experience,partage_experience
partage_experience,partage_experience,partage_experience
partage_experience,partage_experience,partage_experience
partage_experience,partage_experience,partage_experience
partage_experience,partage_experience,partage_experience
partage_experience,partage_experience,partage_experience
fonction_phatique,fonction_phatique,fonction_phatique
partage_experience,partage_experience,partage_experience
recherche_information,recherche_information,recherche_information
partage_experience,partage_experience,partage_experience
partage_experience,partage_experience,partage_experience
partage_experience,partage_experience,partage_experience
fonction_phatique,fonction_phatique,fonction_phatique
fonction_phatique,fonction_phatique,fonction_phatique
recherche_information,recherche_information,recherche_information
partage_experience,partage_experience,partage_experience
partage_experience,partage_experience,partage_experience
recherche_information,recherche_information,recherche_information
partage_experience,partage_experience,partage_experience
partage_experience,partage_experience,partage_experience
fonction_phatique,fonction_phatique,fonction_phatique
partage_experience,partage_experience,partage_experience
partage_experience,partage_experience,partage_experience
partage_experience,partage_experience,partage_experience
recherche_information,recherche_information,recherche_information
recherche_information,recherche_information,recherche_information
fonction_phatique,fonction_phatique,fonction_phatique
partage_experience,partage_experience,partage_experience
partage_experience,partage_experience,partage_experience
partage_experience,partage_experience,partage_experience
fonction_phatique,fonction_phatique,fonction_phatique
partage_experience,partage_experience,partage_experience
fonction_phatique,fonction_phatique,fonction_phatique
recherche_information,recherche_information,recherche_information
partage_experience,partage_experience,partage_experience
partage_experience,partage_experience,partage_experience
partage_experience,partage_experience,partage_experience
partage_experience,partage_experience,partage_experience
partage_experience,partage_experience,partage_experience
partage_experience,partage_experience,partage_experience
partage_experience,partage_experience,partage_experience
partage_experience,partage_experience,partage_experience
partage_experience,partage_experience,partage_experience
fonction_phatique,fonction_phatique,fonction_phatique
fonction_phatique,fonction_phatique,fonction_phatique
fonction_phatique,fonction_phatique,fonction_phatique
recherche_information,recherche_information,recherche_information
partage_experience,partage_experience,partage_experience
partage_experience,partage_experience,partage_experience
partage_experience,partage_experience,partage_experience
partage_experience,partage_experience,partage_experience
partage_experience,partage_experience,partage_experience
partage_experience,partage_experience,partage_experience
partage_experience,partage_experience,partage_experience
partage_experience,partage_experience,partage_experience
fonction_phatique,fonction_phatique,fonction_phatique
partage_experience,partage_experience,partage_experience
partage_experience,partage_experience,partage_experience
partage_experience,partage_experience,partage_experience
partage_experience,partage_experience,partage_experience
partage_experience,partage_experience,partage_experience
partage_experience,partage_experience,partage_experience
partage_experience,partage_experience,partage_experience
partage_experience,partage_experience,partage_experience
partage_experience,partage_experience,partage_experience
partage_experience,partage_experience,partage_experience
recherche_information,recherche_information,recherche_information
fonction_phatique,fonction_phatique,fonction_phatique
fonction_phatique,fonction_phatique,fonction_phatique
fonction_phatique,fonction_phatique,fonction_phatique
partage_experience,partage_experience,partage_experience
partage_experience,partage_experience,partage_experience
recherche_information,recherche_information,recherche_information
recherche_information,recherche_information,recherche_information
partage_experience,partage_experience,partage_experience
partage_experience,partage_experience,partage_experience
partage_experience,partage_experience,partage_experience
partage_experience,partage_experience,partage_experience
partage_experience,partage_experience,partage_experience
partage_experience,partage_experience,partage_experience
partage_experience,partage_experience,partage_experience
partage_experience,partage_experience,partage_experience
partage_experience,partage_experience,partage_experience
partage_experience,partage_experience,partage_experience
partage_experience,partage_experience,partage_experience
partage_experience,partage_experience,partage_experience
partage_experience,partage_experience,partage_experience
fonction_phatique,fonction_phatique,fonction_phatique
partage_experience,partage_experience,partage_experience
partage_experience,partage_experience,partage_experience
recherche_information,recherche_information,recherche_information
fonction_phatique,fonction_phatique,fonction_phatique
partage_experience,partage_experience,partage_experience
partage_experience,partage_experience,partage_experience
partage_experience,partage_experience,partage_experience
fonction_phatique,fonction_phatique,fonction_phatique
partage_experience,partage_experience,partage_experience
partage_experience,partage_experience,partage_experience
partage_experience,partage_experience,partage_experience
partage_experience,partage_experience,partage_experience
partage_experience,partage_experience,partage_experience
partage_experience,partage_experience,partage_experience
partage_experience,partage_experience,partage_experience
partage_experience,partage_experience,partage_experience
fonction_phatique,fonction_phatique,fonction_phatique
partage_experience,partage_experience,recherche_information
partage_experience,recherche_information,recherche_information
,,
partage_experience,partage_experience,partage_experience
partage_experience,partage_experience,partage_experience
fonction_phatique,fonction_phatique,fonction_phatique
partage_experience,partage_experience,partage_experience
fonction_phatique,fonction_phatique,fonction_phatique
recherche_information,recherche_information,recherche_information
fonction_phatique,fonction_phatique,fonction_phatique
partage_experience,partage_experience,partage_experience
partage_experience,partage_experience,partage_experience
recherche_information,recherche_information,recherche_information
partage_experience,recherche_information,recherche_information
fonction_phatique,fonction_phatique,fonction_phatique
fonction_phatique,fonction_phatique,fonction_phatique
partage_experience,partage_experience,partage_experience
partage_experience,partage_experience,partage_experience
partage_experience,partage_experience,partage_experience
partage_experience,partage_experience,partage_experience
fonction_phatique,fonction_phatique,fonction_phatique
partage_experience,partage_experience,partage_experience
partage_experience,partage_experience,partage_experience
partage_experience,partage_experience,partage_experience
partage_experience,partage_experience,partage_experience
partage_experience,partage_experience,partage_experience
fonction_phatique,fonction_phatique,fonction_phatique
fonction_phatique,fonction_phatique,fonction_phatique
partage_experience,partage_experience,partage_experience
fonction_phatique,fonction_phatique,fonction_phatique
partage_experience,partage_experience,partage_experience
partage_experience,partage_experience,partage_experience
partage_experience,partage_experience,partage_experience
partage_experience,partage_experience,partage_experience
partage_experience,partage_experience,partage_experience
partage_experience,partage_experience,partage_experience
partage_experience,partage_experience,partage_experience
partage_experience,partage_experience,partage_experience
partage_experience,partage_experience,partage_experience
partage_experience,partage_experience,partage_experience
partage_experience,partage_experience,partage_experience
recherche_information,recherche_information,recherche_information
recherche_information,recherche_information,recherche_information
recherche_information,recherche_information,recherche_information
fonction_phatique,fonction_phatique,fonction_phatique
fonction_phatique,fonction_phatique,fonction_phatique
partage_experience,partage_experience,partage_experience
partage_experience,partage_experience,partage_experience
partage_experience,partage_experience,partage_experience
partage_experience,partage_experience,partage_experience
partage_experience,partage_experience,partage_experience
partage_experience,partage_experience,partage_experience
partage_experience,fonction_phatique,fonction_phatique
fonction_phatique,fonction_phatique,fonction_phatique
fonction_phatique,fonction_phatique,fonction_phatique
partage_experience,partage_experience,partage_experience
partage_experience,partage_experience,partage_experience
partage_experience,partage_experience,partage_experience
partage_experience,partage_experience,partage_experience
partage_experience,partage_experience,partage_experience
partage_experience,partage_experience,partage_experience
partage_experience,partage_experience,partage_experience
partage_experience,partage_experience,partage_experience
partage_experience,partage_experience,partage_experience
fonction_phatique,fonction_phatique,fonction_phatique
fonction_phatique,fonction_phatique,fonction_phatique
fonction_phatique,fonction_phatique,fonction_phatique
partage_experience,partage_experience,partage_experience
partage_experience,partage_experience,partage_experience
partage_experience,partage_experience,partage_experience
partage_experience,partage_experience,partage_experience
fonction_phatique,fonction_phatique,fonction_phatique
fonction_phatique,fonction_phatique,fonction_phatique
partage_experience,partage_experience,partage_experience
partage_experience,partage_experience,partage_experience
partage_experience,partage_experience,partage_experience
fonction_phatique,fonction_phatique,fonction_phatique
partage_experience,partage_experience,partage_experience
partage_experience,partage_experience,partage_experience
partage_experience,partage_experience,partage_experience
partage_experience,partage_experience,partage_experience
partage_experience,partage_experience,partage_experience
partage_experience,partage_experience,partage_experience
partage_experience,partage_experience,partage_experience
partage_experience,partage_experience,partage_experience
partage_experience,partage_experience,partage_experience
partage_experience,partage_experience,partage_experience
recherche_information,recherche_information,recherche_information
recherche_information,recherche_information,recherche_information
recherche_information,recherche_information,recherche_information
recherche_information,recherche_information,recherche_information
recherche_information,recherche_information,recherche_information
recherche_information,recherche_information,recherche_information
partage_experience,partage_experience,partage_experience
partage_experience,partage_experience,partage_experience
recherche_information,recherche_information,recherche_information
fonction_phatique,fonction_phatique,fonction_phatique
partage_experience,partage_experience,partage_experience
partage_experience,partage_experience,partage_experience
partage_experience,partage_experience,partage_experience
partage_experience,partage_experience,partage_experience
fonction_phatique,fonction_phatique,fonction_phatique
partage_experience,partage_experience,partage_experience
partage_experience,partage_experience,partage_experience
fonction_phatique,fonction_phatique,fonction_phatique
partage_experience,partage_experience,partage_experience
recherche_information,recherche_information,recherche_information
partage_experience,partage_experience,partage_experience
partage_experience,partage_experience,partage_experience
partage_experience,partage_experience,partage_experience
fonction_phatique,fonction_phatique,fonction_phatique
partage_experience,fonction_phatique,partage_experience
fonction_phatique,fonction_phatique,fonction_phatique
fonction_phatique,fonction_phatique,fonction_phatique
partage_experience,partage_experience,partage_experience
partage_experience,partage_experience,partage_experience
partage_experience,partage_experience,partage_experience
partage_experience,partage_experience,partage_experience
partage_experience,partage_experience,partage_experience
recherche_information,recherche_information,recherche_information
partage_experience,partage_experience,partage_experience
partage_experience,partage_experience,partage_experience
recherche_information,recherche_information,recherche_information
partage_experience,partage_experience,partage_experience
fonction_phatique,fonction_phatique,partage_experience
partage_experience,partage_experience,partage_experience
partage_experience,partage_experience,partage_experience
partage_experience,partage_experience,partage_experience
partage_experience,fonction_phatique,fonction_phatique
partage_experience,partage_experience,partage_experience
fonction_phatique,fonction_phatique,fonction_phatique
fonction_phatique,fonction_phatique,fonction_phatique
partage_experience,partage_experience,partage_experience
partage_experience,partage_experience,partage_experience
partage_experience,partage_experience,partage_experience
partage_experience,partage_experience,partage_experience
partage_experience,partage_experience,partage_experience
partage_experience,partage_experience,partage_experience
partage_experience,partage_experience,partage_experience
recherche_information,recherche_information,recherche_information
recherche_information,recherche_information,recherche_information
recherche_information,recherche_information,recherche_information
fonction_phatique,fonction_phatique,fonction_phatique
recherche_information,recherche_information,recherche_information
partage_experience,partage_experience,partage_experience
partage_experience,partage_experience,partage_experience
recherche_information,recherche_information,recherche_information
partage_experience,partage_experience,partage_experience
partage_experience,partage_experience,partage_experience
partage_experience,partage_experience,partage_experience
partage_experience,partage_experience,partage_experience
fonction_phatique,fonction_phatique,fonction_phatique
partage_experience,partage_experience,partage_experience
partage_experience,partage_experience,partage_experience
partage_experience,partage_experience,partage_experience
partage_experience,partage_experience,partage_experience
partage_experience,partage_experience,partage_experience
partage_experience,partage_experience,partage_experience
recherche_information,partage_experience,recherche_information
fonction_phatique,fonction_phatique,fonction_phatique
partage_experience,partage_experience,partage_experience
recherche_information,recherche_information,recherche_information
partage_experience,partage_experience,partage_experience
partage_experience,partage_experience,partage_experience
fonction_phatique,fonction_phatique,fonction_phatique
partage_experience,partage_experience,partage_experience
partage_experience,partage_experience,partage_experience
partage_experience,partage_experience,partage_experience
partage_experience,partage_experience,partage_experience
partage_experience,partage_experience,partage_experience
partage_experience,partage_experience,partage_experience
recherche_information,recherche_information,recherche_information
partage_experience,partage_experience,partage_experience
fonction_phatique,,
partage_experience,partage_experience,partage_experience
partage_experience,partage_experience,partage_experience
partage_experience,partage_experience,partage_experience
recherche_information,partage_experience,recherche_information
partage_experience,partage_experience,partage_experience
partage_experience,partage_experience,partage_experience
partage_experience,partage_experience,partage_experience
fonction_phatique,fonction_phatique,fonction_phatique
fonction_phatique,fonction_phatique,partage_experience
partage_experience,partage_experience,partage_experience
partage_experience,partage_experience,partage_experience
partage_experience,partage_experience,partage_experience
fonction_phatique,fonction_phatique,fonction_phatique
partage_experience,partage_experience,partage_experience
partage_experience,partage_experience,partage_experience
partage_experience,partage_experience,partage_experience
partage_experience,partage_experience,partage_experience
partage_experience,partage_experience,partage_experience
partage_experience,partage_experience,partage_experience
partage_experience,partage_experience,partage_experience
fonction_phatique,fonction_phatique,fonction_phatique
partage_experience,partage_experience,partage_experience
partage_experience,partage_experience,partage_experience
partage_experience,partage_experience,partage_experience
partage_experience,partage_experience,partage_experience
partage_experience,partage_experience,partage_experience
recherche_information,recherche_information,recherche_information
partage_experience,partage_experience,partage_experience
partage_experience,partage_experience,partage_experience
partage_experience,partage_experience,partage_experience
partage_experience,partage_experience,partage_experience
partage_experience,partage_experience,partage_experience
fonction_phatique,fonction_phatique,partage_experience
partage_experience,partage_experience,partage_experience
partage_experience,partage_experience,partage_experience
partage_experience,partage_experience,partage_experience
fonction_phatique,fonction_phatique,fonction_phatique
partage_experience,partage_experience,partage_experience
partage_experience,partage_experience,partage_experience
partage_experience,partage_experience,partage_experience
partage_experience,partage_experience,partage_experience
partage_experience,partage_experience,partage_experience
recherche_information,recherche_information,recherche_information
partage_experience,partage_experience,partage_experience
partage_experience,partage_experience,partage_experience
partage_experience,partage_experience,partage_experience
partage_experience,partage_experience,partage_experience
partage_experience,partage_experience,partage_experience
partage_experience,partage_experience,partage_experience
partage_experience,partage_experience,partage_experience
recherche_information,recherche_information,recherche_information
recherche_information,recherche_information,recherche_information
recherche_information,partage_experience,recherche_information
fonction_phatique,fonction_phatique,fonction_phatique
partage_experience,partage_experience,partage_experience
fonction_phatique,fonction_phatique,partage_experience
partage_experience,partage_experience,partage_experience
partage_experience,partage_experience,partage_experience
partage_experience,partage_experience,partage_experience
partage_experience,partage_experience,partage_experience
recherche_information,recherche_information,recherche_information
fonction_phatique,fonction_phatique,fonction_phatique
partage_experience,partage_experience,partage_experience
partage_experience,partage_experience,partage_experience
partage_experience,partage_experience,partage_experience
partage_experience,partage_experience,partage_experience
fonction_phatique,fonction_phatique,fonction_phatique
recherche_information,recherche_information,recherche_information
partage_experience,partage_experience,partage_experience
partage_experience,partage_experience,partage_experience
partage_experience,partage_experience,partage_experience
fonction_phatique,fonction_phatique,fonction_phatique
partage_experience,partage_experience,partage_experience
fonction_phatique,fonction_phatique,partage_experience
partage_experience,partage_experience,partage_experience
partage_experience,partage_experience,partage_experience
partage_experience,partage_experience,partage_experience
fonction_phatique,fonction_phatique,partage_experience
partage_experience,partage_experience,partage_experience
partage_experience,partage_experience,partage_experience
partage_experience,partage_experience,partage_experience
fonction_phatique,fonction_phatique,fonction_phatique
partage_experience,partage_experience,partage_experience
recherche_information,recherche_information,recherche_information
partage_experience,partage_experience,partage_experience
partage_experience,partage_experience,partage_experience
partage_experience,partage_experience,partage_experience
partage_experience,partage_experience,partage_experience
fonction_phatique,fonction_phatique,fonction_phatique
partage_experience,partage_experience,partage_experience
partage_experience,partage_experience,partage_experience
partage_experience,partage_experience,partage_experience
partage_experience,partage_experience,partage_experience
partage_experience,partage_experience,partage_experience
partage_experience,partage_experience,partage_experience
partage_experience,partage_experience,partage_experience
recherche_information,fonction_phatique,fonction_phatique
recherche_information,recherche_information,recherche_information
partage_experience,partage_experience,partage_experience
fonction_phatique,fonction_phatique,fonction_phatique
partage_experience,partage_experience,partage_experience
partage_experience,partage_experience,partage_experience
partage_experience,partage_experience,partage_experience
recherche_information,recherche_information,recherche_information
partage_experience,partage_experience,partage_experience
partage_experience,partage_experience,partage_experience
partage_experience,partage_experience,partage_experience
recherche_information,recherche_information,recherche_information
fonction_phatique,fonction_phatique,fonction_phatique
partage_experience,partage_experience,partage_experience
partage_experience,partage_experience,partage_experience
partage_experience,partage_experience,partage_experience
recherche_information,partage_experience,partage_experience
partage_experience,partage_experience,partage_experience
partage_experience,partage_experience,partage_experience
recherche_information,recherche_information,recherche_information
partage_experience,partage_experience,partage_experience
recherche_information,partage_experience,recherche_information
fonction_phatique,fonction_phatique,fonction_phatique
,,
partage_experience,partage_experience,partage_experience
partage_experience,partage_experience,partage_experience
partage_experience,partage_experience,partage_experience
fonction_phatique,fonction_phatique,fonction_phatique
recherche_information,recherche_information,recherche_information
partage_experience,partage_experience,partage_experience
fonction_phatique,fonction_phatique,fonction_phatique
,,
fonction_phatique,fonction_phatique,fonction_phatique
partage_experience,partage_experience,partage_experience
partage_experience,partage_experience,partage_experience
partage_experience,partage_experience,partage_experience
partage_experience,partage_experience,partage_experience
partage_experience,partage_experience,partage_experience
fonction_phatique,partage_experience,partage_experience
partage_experience,partage_experience,partage_experience
partage_experience,partage_experience,partage_experience
partage_experience,partage_experience,partage_experience
partage_experience,partage_experience,partage_experience
partage_experience,partage_experience,partage_experience
fonction_phatique,fonction_phatique,fonction_phatique
partage_experience,partage_experience,partage_experience
partage_experience,partage_experience,partage_experience
partage_experience,partage_experience,partage_experience
partage_experience,partage_experience,partage_experience
recherche_information,recherche_information,recherche_information
recherche_information,recherche_information,recherche_information
partage_experience,partage_experience,partage_experience
recherche_information,recherche_information,recherche_information
fonction_phatique,fonction_phatique,partage_experience
partage_experience,partage_experience,partage_experience
partage_experience,partage_experience,partage_experience
partage_experience,partage_experience,partage_experience
partage_experience,partage_experience,partage_experience
partage_experience,partage_experience,partage_experience
partage_experience,partage_experience,partage_experience
partage_experience,partage_experience,partage_experience
partage_experience,partage_experience,partage_experience
partage_experience,partage_experience,partage_experience
fonction_phatique,fonction_phatique,fonction_phatique
fonction_phatique,fonction_phatique,fonction_phatique
recherche_information,partage_experience,recherche_information
partage_experience,fonction_phatique,partage_experience
recherche_information,recherche_information,recherche_information
partage_experience,partage_experience,partage_experience
fonction_phatique,fonction_phatique,fonction_phatique
partage_experience,partage_experience,partage_experience
partage_experience,partage_experience,partage_experience
partage_experience,partage_experience,partage_experience
recherche_information,recherche_information,recherche_information
fonction_phatique,fonction_phatique,fonction_phatique
partage_experience,partage_experience,partage_experience
fonction_phatique,fonction_phatique,fonction_phatique
partage_experience,partage_experience,partage_experience
recherche_information,recherche_information,recherche_information
partage_experience,partage_experience,partage_experience
,,
fonction_phatique,fonction_phatique,fonction_phatique
partage_experience,partage_experience,partage_experience
partage_experience,partage_experience,partage_experience
partage_experience,partage_experience,partage_experience
partage_experience,partage_experience,partage_experience
partage_experience,partage_experience,partage_experience
partage_experience,partage_experience,partage_experience
partage_experience,partage_experience,partage_experience
partage_experience,partage_experience,partage_experience
partage_experience,partage_experience,partage_experience
partage_experience,partage_experience,partage_experience
partage_experience,partage_experience,partage_experience
partage_experience,partage_experience,partage_experience
partage_experience,partage_experience,partage_experience
partage_experience,partage_experience,partage_experience
partage_experience,partage_experience,partage_experience
partage_experience,partage_experience,partage_experience
recherche_information,recherche_information,recherche_information
recherche_information,recherche_information,recherche_information
fonction_phatique,fonction_phatique,fonction_phatique
recherche_information,partage_experience,recherche_information
fonction_phatique,fonction_phatique,fonction_phatique
recherche_information,recherche_information,recherche_information
partage_experience,partage_experience,partage_experience
,,
partage_experience,partage_experience,partage_experience
partage_experience,partage_experience,partage_experience
fonction_phatique,fonction_phatique,fonction_phatique
partage_experience,partage_experience,partage_experience
partage_experience,partage_experience,partage_experience
recherche_information,recherche_information,recherche_information
partage_experience,partage_experience,partage_experience
fonction_phatique,fonction_phatique,fonction_phatique
partage_experience,partage_experience,partage_experience
partage_experience,partage_experience,partage_experience
partage_experience,partage_experience,partage_experience
partage_experience,partage_experience,partage_experience
partage_experience,partage_experience,partage_experience
partage_experience,partage_experience,partage_experience
partage_experience,partage_experience,partage_experience
partage_experience,partage_experience,partage_experience
partage_experience,partage_experience,partage_experience
partage_experience,partage_experience,partage_experience
partage_experience,partage_experience,partage_experience
partage_experience,partage_experience,partage_experience
partage_experience,partage_experience,partage_experience
fonction_phatique,fonction_phatique,fonction_phatique
recherche_information,recherche_information,recherche_information
recherche_information,recherche_information,recherche_information
partage_experience,partage_experience,partage_experience
recherche_information,recherche_information,recherche_information
recherche_information,recherche_information,recherche_information
fonction_phatique,fonction_phatique,fonction_phatique
partage_experience,partage_experience,partage_experience
partage_experience,partage_experience,partage_experience
fonction_phatique,fonction_phatique,fonction_phatique
partage_experience,partage_experience,partage_experience
partage_experience,partage_experience,partage_experience
partage_experience,partage_experience,partage_experience
partage_experience,partage_experience,partage_experience
partage_experience,partage_experience,partage_experience
partage_experience,partage_experience,partage_experience
partage_experience,partage_experience,partage_experience
partage_experience,partage_experience,partage_experience
partage_experience,partage_experience,partage_experience
partage_experience,partage_experience,partage_experience
recherche_information,partage_experience,partage_experience
partage_experience,partage_experience,partage_experience
partage_experience,partage_experience,partage_experience
partage_experience,partage_experience,partage_experience
,,
,,
,,
fonction_phatique,fonction_phatique,fonction_phatique
recherche_information,recherche_information,recherche_information
partage_experience,partage_experience,partage_experience
fonction_phatique,fonction_phatique,fonction_phatique
partage_experience,partage_experience,partage_experience
partage_experience,partage_experience,partage_experience
partage_experience,partage_experience,partage_experience
fonction_phatique,fonction_phatique,fonction_phatique
,,
fonction_phatique,fonction_phatique,fonction_phatique
partage_experience,partage_experience,partage_experience
recherche_information,recherche_information,recherche_information
partage_experience,partage_experience,partage_experience
partage_experience,partage_experience,partage_experience
partage_experience,partage_experience,partage_experience
recherche_information,recherche_information,recherche_information
fonction_phatique,fonction_phatique,fonction_phatique
fonction_phatique,fonction_phatique,fonction_phatique
fonction_phatique,fonction_phatique,fonction_phatique
partage_experience,partage_experience,partage_experience
partage_experience,partage_experience,partage_experience
partage_experience,partage_experience,partage_experience
fonction_phatique,fonction_phatique,fonction_phatique
,fonction_phatique,fonction_phatique
fonction_phatique,fonction_phatique,fonction_phatique
partage_experience,partage_experience,partage_experience
recherche_information,recherche_information,recherche_information
recherche_information,recherche_information,recherche_information
recherche_information,recherche_information,recherche_information
fonction_phatique,fonction_phatique,fonction_phatique
fonction_phatique,fonction_phatique,fonction_phatique
partage_experience,partage_experience,partage_experience
partage_experience,partage_experience,partage_experience
fonction_phatique,fonction_phatique,fonction_phatique
,,
fonction_phatique,fonction_phatique,fonction_phatique
partage_experience,partage_experience,partage_experience
partage_experience,partage_experience,partage_experience
recherche_information,recherche_information,recherche_information
partage_experience,partage_experience,partage_experience
partage_experience,partage_experience,partage_experience
partage_experience,partage_experience,partage_experience
fonction_phatique,fonction_phatique,fonction_phatique
fonction_phatique,fonction_phatique,fonction_phatique
partage_experience,partage_experience,partage_experience
partage_experience,partage_experience,partage_experience
partage_experience,partage_experience,partage_experience
fonction_phatique,fonction_phatique,fonction_phatique
,,
fonction_phatique,fonction_phatique,fonction_phatique
partage_experience,partage_experience,partage_experience
recherche_information,recherche_information,recherche_information
partage_experience,partage_experience,partage_experience
fonction_phatique,recherche_information,partage_experience
,,
fonction_phatique,fonction_phatique,fonction_phatique
partage_experience,partage_experience,partage_experience
partage_experience,partage_experience,partage_experience
partage_experience,partage_experience,partage_experience
fonction_phatique,fonction_phatique,fonction_phatique
,,
fonction_phatique,fonction_phatique,fonction_phatique
recherche_information,recherche_information,recherche_information
recherche_information,recherche_information,recherche_information
partage_experience,partage_experience,partage_experience
fonction_phatique,fonction_phatique,fonction_phatique
fonction_phatique,fonction_phatique,fonction_phatique
fonction_phatique,fonction_phatique,fonction_phatique
partage_experience,partage_experience,partage_experience
partage_experience,partage_experience,partage_experience
partage_experience,partage_experience,partage_experience
fonction_phatique,fonction_phatique,fonction_phatique
,,
fonction_phatique,fonction_phatique,fonction_phatique
partage_experience,partage_experience,partage_experience
partage_experience,partage_experience,partage_experience
partage_experience,partage_experience,partage_experience
partage_experience,partage_experience,partage_experience
partage_experience,partage_experience,partage_experience
recherche_information,recherche_information,partage_experience
recherche_information,recherche_information,recherche_information
partage_experience,partage_experience,partage_experience
partage_experience,partage_experience,partage_experience
fonction_phatique,fonction_phatique,fonction_phatique
partage_experience,partage_experience,partage_experience
partage_experience,partage_experience,partage_experience
partage_experience,partage_experience,partage_experience
fonction_phatique,fonction_phatique,fonction_phatique
,,
fonction_phatique,fonction_phatique,fonction_phatique
partage_experience,partage_experience,partage_experience
recherche_information,recherche_information,recherche_information
fonction_phatique,fonction_phatique,fonction_phatique
fonction_phatique,fonction_phatique,fonction_phatique
partage_experience,partage_experience,partage_experience
partage_experience,partage_experience,partage_experience
fonction_phatique,fonction_phatique,fonction_phatique
,,
recherche_information,recherche_information,recherche_information
fonction_phatique,fonction_phatique,fonction_phatique
partage_experience,partage_experience,partage_experience
partage_experience,partage_experience,partage_experience
partage_experience,partage_experience,partage_experience
fonction_phatique,fonction_phatique,fonction_phatique
,,
fonction_phatique,fonction_phatique,fonction_phatique
partage_experience,partage_experience,partage_experience
partage_experience,partage_experience,partage_experience
partage_experience,partage_experience,partage_experience
partage_experience,fonction_phatique,partage_experience
fonction_phatique,fonction_phatique,fonction_phatique
recherche_information,partage_experience,recherche_information
partage_experience,partage_experience,partage_experience
fonction_phatique,fonction_phatique,fonction_phatique
partage_experience,partage_experience,partage_experience
fonction_phatique,fonction_phatique,fonction_phatique
,,
fonction_phatique,fonction_phatique,fonction_phatique
recherche_information,recherche_information,recherche_information
recherche_information,recherche_information,recherche_information
partage_experience,fonction_phatique,partage_experience
fonction_phatique,fonction_phatique,fonction_phatique
fonction_phatique,fonction_phatique,fonction_phatique
partage_experience,partage_experience,partage_experience
partage_experience,partage_experience,partage_experience
partage_experience,partage_experience,partage_experience
fonction_phatique,fonction_phatique,fonction_phatique
,,
partage_experience,partage_experience,partage_experience
partage_experience,partage_experience,partage_experience
recherche_information,recherche_information,recherche_information
recherche_information,recherche_information,recherche_information
partage_experience,partage_experience,partage_experience
fonction_phatique,fonction_phatique,fonction_phatique
fonction_phatique,fonction_phatique,fonction_phatique
fonction_phatique,fonction_phatique,fonction_phatique
partage_experience,partage_experience,partage_experience
partage_experience,partage_experience,partage_experience
partage_experience,partage_experience,partage_experience
partage_experience,partage_experience,partage_experience
fonction_phatique,fonction_phatique,fonction_phatique
,,
fonction_phatique,fonction_phatique,fonction_phatique
partage_experience,partage_experience,partage_experience
partage_experience,partage_experience,partage_experience
partage_experience,partage_experience,partage_experience
partage_experience,partage_experience,partage_experience
recherche_information,recherche_information,recherche_information
recherche_information,recherche_information,recherche_information
partage_experience,partage_experience,partage_experience
recherche_information,partage_experience,partage_experience
fonction_phatique,fonction_phatique,fonction_phatique
partage_experience,partage_experience,partage_experience
partage_experience,partage_experience,partage_experience
partage_experience,partage_experience,partage_experience
fonction_phatique,fonction_phatique,fonction_phatique
,,
fonction_phatique,fonction_phatique,fonction_phatique
fonction_phatique,fonction_phatique,fonction_phatique
partage_experience,partage_experience,partage_experience
recherche_information,recherche_information,recherche_information
recherche_information,recherche_information,recherche_information
recherche_information,recherche_information,recherche_information
recherche_information,recherche_information,recherche_information
recherche_information,recherche_information,recherche_information
fonction_phatique,fonction_phatique,fonction_phatique
,,
fonction_phatique,fonction_phatique,fonction_phatique
partage_experience,partage_experience,partage_experience
partage_experience,partage_experience,partage_experience
recherche_information,recherche_information,recherche_information
partage_experience,partage_experience,partage_experience
partage_experience,partage_experience,partage_experience
partage_experience,partage_experience,partage_experience
fonction_phatique,fonction_phatique,fonction_phatique
,,
fonction_phatique,fonction_phatique,fonction_phatique
partage_experience,partage_experience,partage_experience
partage_experience,partage_experience,partage_experience
partage_experience,partage_experience,partage_experience
partage_experience,partage_experience,partage_experience
partage_experience,partage_experience,partage_experience
partage_experience,partage_experience,partage_experience
recherche_information,fonction_phatique,fonction_phatique
fonction_phatique,fonction_phatique,fonction_phatique
fonction_phatique,fonction_phatique,fonction_phatique
partage_experience,partage_experience,partage_experience
partage_experience,partage_experience,partage_experience
partage_experience,partage_experience,partage_experience
partage_experience,partage_experience,partage_experience
fonction_phatique,fonction_phatique,fonction_phatique